{
  "best_epoch": 12,
  "best_val_loss": -159.92108090718588,
  "train_loss": [
    1240.6399335774508,
    -72.32508902116255,
    -108.38650998202237,
    -116.18834811123935,
    -120.75741428028454,
    -127.69185728593307,
    -125.32474888888272,
    -129.57502996271307,
    -135.52777924971147,
    -134.88834353360264,
    -138.18758628151633,
    -138.3385206049139,
    -138.66727343472567,
    -138.20094229958275,
    -139.65078936490144,
    -141.58423461914063,
    -142.43859391645952,
    -142.8343706997958
  ],
  "val_loss": [
    -37.46631177266439,
    -102.25122992197673,
    -139.06520875295004,
    -139.96616236368814,
    -151.23829778035483,
    -154.02170276641846,
    -150.74584325154623,
    -157.28245290120444,
    -155.59477456410727,
    -157.21831607818604,
    -150.04614702860513,
    -159.92108090718588,
    -154.81824747721353,
    -156.5854918162028,
    -157.56711451212564,
    -158.40242989857992,
    -154.918675104777,
    -157.38190746307373
  ]
}